user_id,username,email,created_at
1,johndoe,john@doe.com,2025-03-12 21:44:39 +0100
1,johndoe,john@doe.com,2025-03-12 21:46:59 +0100
1,johndoe,john@doe.com,2025-03-12 21:50:26 +0100
1,johndoe,john@doe.com,2025-03-12 21:51:00 +0100
1,johndoe,john@doe.com,2025-03-12 21:51:50 +0100
1,johndoe,john@doe.com,2025-03-12 21:52:23 +0100
2,johndoe,john@doe.com,2025-03-12 21:52:58 +0100
1,johndoe,john@doe.com,2025-03-12 21:54:57 +0100
1,johndoe,john@doe.com,2025-03-12 21:55:08 +0100
1,johndoe,john@doe.com,2025-03-12 21:55:17 +0100
1,johndoe,john@doe.com,2025-03-12 21:55:28 +0100
1,johndoe,john@doe.com,2025-03-12 21:56:58 +0100
1,johndoe,john@doe.com,2025-03-12 21:57:05 +0100
1,johndoe,john@doe.com,2025-03-12 21:57:15 +0100
1,johndoe,john@doe.com,2025-03-12 21:57:57 +0100
1,johndoe,john@doe.com,2025-03-12 21:58:19 +0100
1,johndoe,john@doe.com,2025-03-12 21:59:22 +0100
1,johndoe,john@doe.com,2025-03-12 21:59:33 +0100
1,johndoe,john@doe.com,2025-03-12 21:59:39 +0100
1,johndoe,john@doe.com,2025-03-12 21:59:46 +0100
1,johndoe,john@doe.com,2025-03-12 22:00:23 +0100
1,johndoe,john@doe.com,2025-03-12 22:00:31 +0100
1,johndoe,john@doe.com,2025-03-12 22:01:41 +0100